{"_step":970,"train/loss":3.861,"_timestamp":1.7646495987487473e+09,"_wandb":{"runtime":14047},"train/epoch":3,"train_samples_per_second":11.075,"train_loss":4.131202352642706,"train/learning_rate":1.2364760432766616e-07,"train/grad_norm":0.17169404029846191,"total_flos":5.74252510146048e+16,"train/num_tokens":2.5263768e+07,"train/global_step":9705,"train_runtime":14020.4568,"_runtime":14047,"train_steps_per_second":0.692}