{
  "model": "base_lm",
  "dataset": "test",
  "samples": 998,
  "mean": 237.57992351891284,
  "median": 19.3515625,
  "std": 1719.0029059500132,
  "min": 2.005859375,
  "max": 45184.0,
  "timestamp": "2025-12-01T18:06:53.536148"
}