{
  "model": "color_tag",
  "dataset": "test",
  "samples": 973,
  "mean": 5414.938182489723,
  "median": 771.5,
  "std": 12034.148423872473,
  "min": 6.4140625,
  "max": 62272.0,
  "timestamp": "2025-12-01T18:09:21.205347"
}