{
  "model": "color_cat",
  "dataset": "test",
  "samples": 978,
  "mean": 5387.401960314417,
  "median": 796.0,
  "std": 11901.855737726091,
  "min": 6.37109375,
  "max": 64224.0,
  "timestamp": "2025-12-01T18:08:21.166410"
}