{
  "model": "emotion_cat",
  "dataset": "test",
  "samples": 978,
  "mean": 4945.024344165388,
  "median": 834.25,
  "std": 10425.933209390583,
  "min": 6.40625,
  "max": 63232.0,
  "timestamp": "2025-12-01T18:10:40.149133"
}