{
  "model": "emotion_tag",
  "dataset": "test",
  "samples": 958,
  "mean": 4883.991995857255,
  "median": 643.25,
  "std": 11551.24776608746,
  "min": 6.24609375,
  "max": 65248.0,
  "timestamp": "2025-12-01T18:10:15.488530"
}