{
  "model": "gender_cat",
  "dataset": "test",
  "samples": 962,
  "mean": 5673.558151149948,
  "median": 893.25,
  "std": 12429.370260709777,
  "min": 5.24609375,
  "max": 64736.0,
  "timestamp": "2025-12-01T18:11:03.938142"
}