{
  "model": "gender_tag",
  "dataset": "test",
  "samples": 978,
  "mean": 5619.740258339724,
  "median": 888.0,
  "std": 11386.984848809014,
  "min": 7.30859375,
  "max": 61760.0,
  "timestamp": "2025-12-01T18:11:29.131266"
}