{
  "model": "kin_tag",
  "dataset": "test",
  "samples": 961,
  "mean": 5425.171419745057,
  "median": 808.5,
  "std": 11759.13181175397,
  "min": 6.3125,
  "max": 64736.0,
  "timestamp": "2025-12-01T18:12:54.875952"
}