{
  "model": "kin_cat",
  "dataset": "test",
  "samples": 963,
  "mean": 5455.17468603972,
  "median": 812.0,
  "std": 11739.429611432868,
  "min": 7.03515625,
  "max": 65248.0,
  "timestamp": "2025-12-01T18:12:27.654767"
}