{
  "model": "logic_cat",
  "dataset": "test",
  "samples": 972,
  "mean": 4744.961359471451,
  "median": 842.5,
  "std": 10731.900230897407,
  "min": 6.11328125,
  "max": 63232.0,
  "timestamp": "2025-12-01T18:14:05.175019"
}