{
  "model": "logic_tag",
  "dataset": "test",
  "samples": 975,
  "mean": 5413.486903044872,
  "median": 828.0,
  "std": 12408.860727989031,
  "min": 5.82421875,
  "max": 64224.0,
  "timestamp": "2025-12-01T18:13:27.153370"
}