{
  "model": "num_cat",
  "dataset": "test",
  "samples": 917,
  "mean": 4576.797744002181,
  "median": 711.0,
  "std": 10223.995646237137,
  "min": 6.3125,
  "max": 64224.0,
  "timestamp": "2025-12-01T18:14:31.136071"
}