{
  "model": "num_tag",
  "dataset": "test",
  "samples": 975,
  "mean": 5500.289499198718,
  "median": 780.5,
  "std": 11920.203198936406,
  "min": 6.3203125,
  "max": 65248.0,
  "timestamp": "2025-12-01T18:14:55.710162"
}