{
  "model": "shape_tag",
  "dataset": "test",
  "samples": 982,
  "mean": 4407.760219100051,
  "median": 767.0,
  "std": 9204.745991377817,
  "min": 6.75390625,
  "max": 64736.0,
  "timestamp": "2025-12-01T18:15:23.786412"
}