{
  "model": "shape_cat",
  "dataset": "test",
  "samples": 978,
  "mean": 4910.261403214468,
  "median": 749.5,
  "std": 10833.849437237395,
  "min": 5.73828125,
  "max": 64224.0,
  "timestamp": "2025-12-01T18:15:47.693907"
}