{
  "model": "space_tag",
  "dataset": "test",
  "samples": 976,
  "mean": 5194.650018410604,
  "median": 797.5,
  "std": 11173.63297927194,
  "min": 7.2890625,
  "max": 65248.0,
  "timestamp": "2025-12-01T18:16:34.875938"
}