{
  "model": "space_cat",
  "dataset": "test",
  "samples": 973,
  "mean": 5941.048083408274,
  "median": 861.0,
  "std": 12719.787527108307,
  "min": 6.90625,
  "max": 65248.0,
  "timestamp": "2025-12-01T18:16:11.490281"
}