{
  "model": "temp_tag",
  "dataset": "test",
  "samples": 982,
  "mean": 5462.451991312373,
  "median": 764.0,
  "std": 12111.964537402057,
  "min": 5.98828125,
  "max": 65248.0,
  "timestamp": "2025-12-01T18:19:01.854102"
}