{
  "model": "temp_cat",
  "dataset": "test",
  "samples": 974,
  "mean": 5923.962381288501,
  "median": 785.25,
  "std": 12906.036478836266,
  "min": 5.75390625,
  "max": 65248.0,
  "timestamp": "2025-12-01T18:19:24.387762"
}