{
  "model": "valence_tag",
  "dataset": "test",
  "samples": 964,
  "mean": 6987.551538997666,
  "median": 1894.5,
  "std": 12443.153553523962,
  "min": 6.375,
  "max": 65248.0,
  "timestamp": "2025-12-01T18:20:16.687065"
}