{
  "model": "valence_cat",
  "dataset": "test",
  "samples": 942,
  "mean": 7523.832873042728,
  "median": 2052.0,
  "std": 13716.420180050818,
  "min": 6.58984375,
  "max": 64736.0,
  "timestamp": "2025-12-01T18:19:51.336118"
}