{"train/learning_rate":1.2364760432766616e-07,"total_flos":5.74252510146048e+16,"train_loss":4.098133882328998,"_wandb":{"runtime":14147},"train/global_step":9705,"train/loss":3.8221,"_timestamp":1.7646496984693286e+09,"train/num_tokens":2.5263768e+07,"train_runtime":14120.1703,"_step":970,"_runtime":14147,"train_steps_per_second":0.687,"train_samples_per_second":10.997,"train/epoch":3,"train/grad_norm":0.15948742628097534}