{"train/loss":3.8616,"train_loss":4.134668928615093,"train/epoch":3,"train/learning_rate":1.2364760432766616e-07,"train/grad_norm":0.167998805642128,"_runtime":14141,"_wandb":{"runtime":14141},"train_steps_per_second":0.688,"train_samples_per_second":11.002,"train/global_step":9705,"train/num_tokens":2.5263768e+07,"train_runtime":14113.2255,"total_flos":5.74252510146048e+16,"_timestamp":1.7646496916341608e+09,"_step":970}