{"train/loss":3.9703,"_runtime":14032,"_timestamp":1.7646534497565591e+09,"_wandb":{"runtime":14032},"train_steps_per_second":0.693,"train/epoch":3,"train_runtime":14006.8277,"train/learning_rate":1.2364760432766616e-07,"train/grad_norm":0.16572794318199158,"train/global_step":9705,"_step":970,"train_loss":4.24311058107324,"train_samples_per_second":11.086,"total_flos":5.74252510146048e+16,"train/num_tokens":2.5263768e+07}