{"train/epoch":3,"total_flos":5.74252510146048e+16,"train/grad_norm":0.15246880054473877,"train/learning_rate":1.2364760432766616e-07,"_runtime":14112,"train_runtime":14087.3957,"train_steps_per_second":0.689,"train_loss":4.285329898321279,"_step":970,"_wandb":{"runtime":14112},"train/num_tokens":2.5263768e+07,"train_samples_per_second":11.023,"_timestamp":1.7646637941828253e+09,"train/loss":4.0213,"train/global_step":9705}