{"_timestamp":1.7646496217740817e+09,"train_runtime":13992.6215,"train/learning_rate":1.2364760432766616e-07,"train/global_step":9705,"train/loss":3.9523,"_wandb":{"runtime":14019},"train/epoch":3,"train_samples_per_second":11.097,"train/grad_norm":0.1579093337059021,"train/num_tokens":2.5263768e+07,"_step":970,"train_steps_per_second":0.694,"total_flos":5.74252510146048e+16,"_runtime":14019,"train_loss":4.211323970890978}