{"_wandb":{"runtime":14238},"train_loss":4.2606525454553115,"train/grad_norm":0.1669217348098755,"_timestamp":1.764649788649452e+09,"train_runtime":14210.326,"train/epoch":3,"train/learning_rate":1.2364760432766616e-07,"train/loss":3.9856,"_runtime":14238,"total_flos":5.74252510146048e+16,"train/global_step":9705,"train_samples_per_second":10.927,"train_steps_per_second":0.683,"_step":970,"train/num_tokens":2.5263768e+07}