{"_timestamp":1.764649755741235e+09,"train_steps_per_second":0.685,"train/grad_norm":0.16909512877464294,"train/global_step":9705,"total_flos":5.74252510146048e+16,"train/epoch":3,"train/num_tokens":2.5263768e+07,"train_runtime":14177.4135,"_step":970,"_wandb":{"runtime":14205},"_runtime":14205,"train/loss":3.8635,"train/learning_rate":1.2364760432766616e-07,"train_loss":4.129814145197763,"train_samples_per_second":10.953}