{"_step":970,"train/grad_norm":0.1632820963859558,"train_samples_per_second":10.944,"_runtime":14215,"train/global_step":9705,"train_loss":4.178069610045412,"train_runtime":14188.3324,"train/num_tokens":2.5263768e+07,"_wandb":{"runtime":14215},"_timestamp":1.7646497667248662e+09,"total_flos":5.74252510146048e+16,"train/loss":3.8894,"train/epoch":3,"train_steps_per_second":0.684,"train/learning_rate":1.2364760432766616e-07}