{"train_runtime":14271.714,"train/grad_norm":0.16660593450069427,"train_steps_per_second":0.68,"train/learning_rate":1.2364760432766616e-07,"_timestamp":1.7646586106156564e+09,"total_flos":5.74252510146048e+16,"train/epoch":3,"train_samples_per_second":10.88,"_runtime":14300,"_step":970,"train/num_tokens":2.5263768e+07,"train/global_step":9705,"train_loss":4.144414992334915,"_wandb":{"runtime":14300},"train/loss":3.8574}