{"train_runtime":14089.3528,"train/learning_rate":1.2364760432766616e-07,"train_steps_per_second":0.689,"_wandb":{"runtime":14117},"train_loss":4.153773788420703,"_runtime":14117,"train/epoch":3,"train_samples_per_second":11.021,"_step":970,"total_flos":5.74252510146048e+16,"_timestamp":1.7646547922357607e+09,"train/loss":3.8704,"train/global_step":9705,"train/grad_norm":0.173615500330925,"train/num_tokens":2.5263768e+07}