{"total_flos":5.74252510146048e+16,"train_loss":4.2499687996677125,"_step":970,"train/loss":3.9778,"train/num_tokens":2.5263768e+07,"train/global_step":9705,"train/grad_norm":0.16340692341327667,"train_samples_per_second":11.044,"train_steps_per_second":0.69,"_timestamp":1.7646699451801827e+09,"_runtime":14086,"_wandb":{"runtime":14086},"train/epoch":3,"train/learning_rate":1.2364760432766616e-07,"train_runtime":14059.7467}