{"train/global_step":9705,"train/learning_rate":1.2364760432766616e-07,"train_loss":4.21496371623476,"train_runtime":14061.2335,"train_steps_per_second":0.69,"total_flos":5.74252510146048e+16,"train_samples_per_second":11.043,"_step":970,"_runtime":14089,"train/num_tokens":2.5263768e+07,"train/grad_norm":0.15681563317775726,"train/loss":3.9423,"_timestamp":1.7646699473588996e+09,"_wandb":{"runtime":14089},"train/epoch":3}