{"_timestamp":1.7646700525683239e+09,"train_runtime":14166.2205,"train/loss":3.9415,"train/num_tokens":2.5263768e+07,"train_samples_per_second":10.961,"train_loss":4.2130418735211315,"train/epoch":3,"train/global_step":9705,"total_flos":5.74252510146048e+16,"_runtime":14194,"train/learning_rate":1.2364760432766616e-07,"train/grad_norm":0.1582413613796234,"_step":970,"_wandb":{"runtime":14194},"train_steps_per_second":0.685}