{"train/global_step":9705,"_step":970,"_runtime":14106,"train/epoch":3,"total_flos":5.74252510146048e+16,"_wandb":{"runtime":14106},"train_runtime":14078.667,"_timestamp":1.7646496569615724e+09,"train_loss":4.137142411929194,"train/learning_rate":1.2364760432766616e-07,"train/num_tokens":2.5263768e+07,"train_samples_per_second":11.029,"train_steps_per_second":0.689,"train/loss":3.8599,"train/grad_norm":0.1643494963645935}