{"train/global_step":9705,"_step":970,"train/epoch":3,"train_loss":5.104832196714705,"_timestamp":1.7646585431896067e+09,"total_flos":5.74252510146048e+16,"train/learning_rate":1.2364760432766616e-07,"train_samples_per_second":10.949,"train_steps_per_second":0.684,"train/loss":4.8441,"_runtime":14210,"train/num_tokens":2.5263768e+07,"train/grad_norm":0.19548118114471436,"_wandb":{"runtime":14210},"train_runtime":14181.7135}