{"train/learning_rate":1.2364760432766616e-07,"train_runtime":14105.8661,"train_samples_per_second":11.008,"train_loss":4.960304126415223,"train/global_step":9705,"_timestamp":1.7646756219838953e+09,"_runtime":14134,"_step":970,"train/num_tokens":2.5263768e+07,"total_flos":5.74252510146048e+16,"train_steps_per_second":0.688,"train/epoch":3,"_wandb":{"runtime":14134},"train/loss":4.6965,"train/grad_norm":0.1730411797761917}