{"total_flos":5.74252510146048e+16,"_runtime":14238,"train_runtime":14210.7312,"train/global_step":9705,"train_samples_per_second":10.927,"train/loss":3.9127,"train_loss":4.18929462521301,"_wandb":{"runtime":14238},"train/grad_norm":0.1650785356760025,"train/epoch":3,"_timestamp":1.7646497890638525e+09,"train/num_tokens":2.5263768e+07,"train/learning_rate":1.2364760432766616e-07,"train_steps_per_second":0.683,"_step":970}