{"train/grad_norm":0.15597587823867798,"train/loss":3.9467,"total_flos":5.74252510146048e+16,"train/global_step":9705,"train_runtime":14028.5377,"train_loss":4.213949551157334,"train/learning_rate":1.2364760432766616e-07,"_runtime":14055,"train_samples_per_second":11.069,"_wandb":{"runtime":14055},"train/epoch":3,"_timestamp":1.7646496576925304e+09,"train_steps_per_second":0.692,"_step":970,"train/num_tokens":2.5263768e+07}