{"train/epoch":3,"train_runtime":14154.9831,"train/grad_norm":0.16032354533672333,"_timestamp":1.764670040318551e+09,"train/loss":3.9357,"_step":970,"train_steps_per_second":0.686,"train/learning_rate":1.2364760432766616e-07,"train_samples_per_second":10.97,"_wandb":{"runtime":14182},"train_loss":4.208665071671184,"train/num_tokens":2.5263768e+07,"total_flos":5.74252510146048e+16,"train/global_step":9705,"_runtime":14182}