{"train/global_step":9705,"train/epoch":3,"train_samples_per_second":10.989,"train/num_tokens":2.5263768e+07,"total_flos":5.74252510146048e+16,"train/loss":3.9485,"_timestamp":1.76466381742563e+09,"train/grad_norm":0.15575027465820312,"train_loss":4.2132077132101715,"train_runtime":14130.7051,"_runtime":14158,"train/learning_rate":1.2364760432766616e-07,"_step":970,"train_steps_per_second":0.687,"_wandb":{"runtime":14158}}